source,station_name,line_name,passenger_flow,latitude,longitude
https://tengri.postgrespro.ru/documentation/en/stable/_attachments/metro_exits_traffic_2025.xlsx,Арбатская,Арбатско-Покровская линия,13914578,55.75239134,37.60341232
https://tengri.postgrespro.ru/documentation/en/stable/_attachments/metro_exits_traffic_2025.xlsx,Бауманская,Арбатско-Покровская линия,26048544,55.77235365,37.67881348
https://tengri.postgrespro.ru/documentation/en/stable/_attachments/metro_exits_traffic_2025.xlsx,Волоколамская,Арбатско-Покровская линия,8011498,55.83642084,37.38144795
https://tengri.postgrespro.ru/documentation/en/stable/_attachments/metro_exits_traffic_2025.xlsx,Измайловская,Арбатско-Покровская линия,9225706,55.78782611,37.77982399
https://tengri.postgrespro.ru/documentation/en/stable/_attachments/metro_exits_traffic_2025.xlsx,Киевская,Арбатско-Покровская линия,18124928,55.743167,37.56476871
https://tengri.postgrespro.ru/documentation/en/stable/_attachments/metro_exits_traffic_2025.xlsx,Крылатское,Арбатско-Покровская линия,14640648,55.75740219,37.40736508
https://tengri.postgrespro.ru/documentation/en/stable/_attachments/metro_exits_traffic_2025.xlsx,Кунцевская,Арбатско-Покровская линия,5227880,55.73068331,37.44654195
https://tengri.postgrespro.ru/documentation/en/stable/_attachments/metro_exits_traffic_2025.xlsx,Курская,Арбатско-Покровская линия,8529707,55.75860878,37.65896647
https://tengri.postgrespro.ru/documentation/en/stable/_attachments/metro_exits_traffic_2025.xlsx,Митино,Арбатско-Покровская линия,11757200,55.84597717,37.36054416
https://tengri.postgrespro.ru/documentation/en/stable/_attachments/metro_exits_traffic_2025.xlsx,Молодёжная,Арбатско-Покровская линия,20770616,55.74127413,37.41582232
https://tengri.postgrespro.ru/documentation/en/stable/_attachments/metro_exits_traffic_2025.xlsx,Мякинино,Арбатско-Покровская линия,7975173,55.82359026,37.38528405
https://tengri.postgrespro.ru/documentation/en/stable/_attachments/metro_exits_traffic_2025.xlsx,Парк Победы,Арбатско-Покровская линия,7173265,55.73583458,37.51722698
https://tengri.postgrespro.ru/documentation/en/stable/_attachments/metro_exits_traffic_2025.xlsx,Партизанская,Арбатско-Покровская линия,9958050,55.78846329,37.74966273
https://tengri.postgrespro.ru/documentation/en/stable/_attachments/metro_exits_traffic_2025.xlsx,Первомайская,Арбатско-Покровская линия,16847024,55.79574047,37.79961957
https://tengri.postgrespro.ru/documentation/en/stable/_attachments/metro_exits_traffic_2025.xlsx,Площадь Революции,Арбатско-Покровская линия,19081854,55.75639326,37.62333974
https://tengri.postgrespro.ru/documentation/en/stable/_attachments/metro_exits_traffic_2025.xlsx,Пятницкое шоссе,Арбатско-Покровская линия,8870550,55.85732039,37.35538965
https://tengri.postgrespro.ru/documentation/en/stable/_attachments/metro_exits_traffic_2025.xlsx,Семёновская,Арбатско-Покровская линия,14541055,55.78315566,37.71929008
https://tengri.postgrespro.ru/documentation/en/stable/_attachments/metro_exits_traffic_2025.xlsx,Славянский бульвар,Арбатско-Покровская линия,24707764,55.72902031,37.46886903
https://tengri.postgrespro.ru/documentation/en/stable/_attachments/metro_exits_traffic_2025.xlsx,Смоленская,Арбатско-Покровская линия,14915387,55.74793747,37.58374859
https://tengri.postgrespro.ru/documentation/en/stable/_attachments/metro_exits_traffic_2025.xlsx,Строгино,Арбатско-Покровская линия,13755160,55.80372114,37.4013978
https://tengri.postgrespro.ru/documentation/en/stable/_attachments/metro_exits_traffic_2025.xlsx,Щёлковская,Арбатско-Покровская линия,33734010,55.81067852,37.79882138
https://tengri.postgrespro.ru/documentation/en/stable/_attachments/metro_exits_traffic_2025.xlsx,Электрозаводская,Арбатско-Покровская линия,13189122,55.78208775,37.70537507
https://tengri.postgrespro.ru/documentation/en/stable/_attachments/metro_exits_traffic_2025.xlsx,Авиамоторная,Большая кольцевая линия,8020196,55.75326731,37.71969085
https://tengri.postgrespro.ru/documentation/en/stable/_attachments/metro_exits_traffic_2025.xlsx,Аминьевская,Большая кольцевая линия,14523376,55.69686486,37.4649695
https://tengri.postgrespro.ru/documentation/en/stable/_attachments/metro_exits_traffic_2025.xlsx,Варшавская,Большая кольцевая линия,16710300,55.65318567,37.62064528
https://tengri.postgrespro.ru/documentation/en/stable/_attachments/metro_exits_traffic_2025.xlsx,Воронцовская,Большая кольцевая линия,8003460,55.65794575,37.5408222
https://tengri.postgrespro.ru/documentation/en/stable/_attachments/metro_exits_traffic_2025.xlsx,Давыдково,Большая кольцевая линия,6795705,55.71465451,37.4519732
https://tengri.postgrespro.ru/documentation/en/stable/_attachments/metro_exits_traffic_2025.xlsx,Деловой центр,Большая кольцевая линия,2384283,55.7499169,37.53775844
https://tengri.postgrespro.ru/documentation/en/stable/_attachments/metro_exits_traffic_2025.xlsx,Зюзино,Большая кольцевая линия,12324224,55.6551755,37.57580691
https://tengri.postgrespro.ru/documentation/en/stable/_attachments/metro_exits_traffic_2025.xlsx,Каховская,Большая кольцевая линия,9359742,55.65344116,37.60021369
https://tengri.postgrespro.ru/documentation/en/stable/_attachments/metro_exits_traffic_2025.xlsx,Каширская,Большая кольцевая линия,18070458,55.65447326,37.64789866
https://tengri.postgrespro.ru/documentation/en/stable/_attachments/metro_exits_traffic_2025.xlsx,Кленовый бульвар,Большая кольцевая линия,4276768,55.67497063,37.68303647
https://tengri.postgrespro.ru/documentation/en/stable/_attachments/metro_exits_traffic_2025.xlsx,Кунцевская,Большая кольцевая линия,10772625,55.72785827,37.44676713
https://tengri.postgrespro.ru/documentation/en/stable/_attachments/metro_exits_traffic_2025.xlsx,Лефортово,Большая кольцевая линия,6546349,55.76445505,37.70499152
https://tengri.postgrespro.ru/documentation/en/stable/_attachments/metro_exits_traffic_2025.xlsx,Марьина Роща,Большая кольцевая линия,4572802,55.79772774,37.61780524
https://tengri.postgrespro.ru/documentation/en/stable/_attachments/metro_exits_traffic_2025.xlsx,Мичуринский проспект,Большая кольцевая линия,6384256,55.68863241,37.48455869
https://tengri.postgrespro.ru/documentation/en/stable/_attachments/metro_exits_traffic_2025.xlsx,Мнёвники,Большая кольцевая линия,2717124,55.76026171,37.47138012
https://tengri.postgrespro.ru/documentation/en/stable/_attachments/metro_exits_traffic_2025.xlsx,Нагатинский Затон,Большая кольцевая линия,3815753,55.68433066,37.70459977
https://tengri.postgrespro.ru/documentation/en/stable/_attachments/metro_exits_traffic_2025.xlsx,Народное Ополчение,Большая кольцевая линия,12365660,55.77535736,37.48359685
https://tengri.postgrespro.ru/documentation/en/stable/_attachments/metro_exits_traffic_2025.xlsx,Новаторская,Большая кольцевая линия,4846964,55.66906208,37.52407575
https://tengri.postgrespro.ru/documentation/en/stable/_attachments/metro_exits_traffic_2025.xlsx,Петровский парк,Большая кольцевая линия,9683130,55.7926515,37.55864226
https://tengri.postgrespro.ru/documentation/en/stable/_attachments/metro_exits_traffic_2025.xlsx,Печатники,Большая кольцевая линия,5287642,55.69456709,37.72881957
https://tengri.postgrespro.ru/documentation/en/stable/_attachments/metro_exits_traffic_2025.xlsx,Проспект Вернадского,Большая кольцевая линия,4944357,55.67793327,37.50546647
https://tengri.postgrespro.ru/documentation/en/stable/_attachments/metro_exits_traffic_2025.xlsx,Рижская,Большая кольцевая линия,4468002,55.79254739,37.63370014
https://tengri.postgrespro.ru/documentation/en/stable/_attachments/metro_exits_traffic_2025.xlsx,Савёловская,Большая кольцевая линия,10609543,55.79339346,37.58440668
https://tengri.postgrespro.ru/documentation/en/stable/_attachments/metro_exits_traffic_2025.xlsx,Сокольники,Большая кольцевая линия,11500812,55.7894201,37.67893615
https://tengri.postgrespro.ru/documentation/en/stable/_attachments/metro_exits_traffic_2025.xlsx,Текстильщики,Большая кольцевая линия,11008394,55.70854622,37.72818572
https://tengri.postgrespro.ru/documentation/en/stable/_attachments/metro_exits_traffic_2025.xlsx,Терехово,Большая кольцевая линия,3615880,55.74744372,37.45957887
https://tengri.postgrespro.ru/documentation/en/stable/_attachments/metro_exits_traffic_2025.xlsx,Хорошёвская,Большая кольцевая линия,7662648,55.7774709,37.51710581
https://tengri.postgrespro.ru/documentation/en/stable/_attachments/metro_exits_traffic_2025.xlsx,ЦСКА,Большая кольцевая линия,17813106,55.7856852,37.53194843
https://tengri.postgrespro.ru/documentation/en/stable/_attachments/metro_exits_traffic_2025.xlsx,Шелепиха,Большая кольцевая линия,0,55.75594273,37.52442841
https://tengri.postgrespro.ru/documentation/en/stable/_attachments/metro_exits_traffic_2025.xlsx,Электрозаводская,Большая кольцевая линия,10384258,55.78094081,37.70393196
https://tengri.postgrespro.ru/documentation/en/stable/_attachments/metro_exits_traffic_2025.xlsx,Битцевский парк,Бутовская линия Лёгкого метро,1338577,55.60044263,37.55642695
https://tengri.postgrespro.ru/documentation/en/stable/_attachments/metro_exits_traffic_2025.xlsx,Бульвар адмирала Ушакова,Бутовская линия Лёгкого метро,4233331,55.54501919,37.54165112
https://tengri.postgrespro.ru/documentation/en/stable/_attachments/metro_exits_traffic_2025.xlsx,Бунинская аллея,Бутовская линия Лёгкого метро,9277449,55.53771224,37.51502684
https://tengri.postgrespro.ru/documentation/en/stable/_attachments/metro_exits_traffic_2025.xlsx,Лесопарковая,Бутовская линия Лёгкого метро,4132446,55.58165301,37.57787389
https://tengri.postgrespro.ru/documentation/en/stable/_attachments/metro_exits_traffic_2025.xlsx,Улица Горчакова,Бутовская линия Лёгкого метро,4488064,55.5421479,37.53211855
https://tengri.postgrespro.ru/documentation/en/stable/_attachments/metro_exits_traffic_2025.xlsx,Улица Скобелевская,Бутовская линия Лёгкого метро,9125076,55.54771512,37.55316917
https://tengri.postgrespro.ru/documentation/en/stable/_attachments/metro_exits_traffic_2025.xlsx,Автозаводская,Замоскворецкая линия,18997689,55.7063725,37.65719525
https://tengri.postgrespro.ru/documentation/en/stable/_attachments/metro_exits_traffic_2025.xlsx,Алма-Атинская,Замоскворецкая линия,15661320,55.6321556,37.76686636
https://tengri.postgrespro.ru/documentation/en/stable/_attachments/metro_exits_traffic_2025.xlsx,Аэропорт,Замоскворецкая линия,16724360,55.80001663,37.53442839
https://tengri.postgrespro.ru/documentation/en/stable/_attachments/metro_exits_traffic_2025.xlsx,Беломорская,Замоскворецкая линия,13274846,55.86523308,37.4751228
https://tengri.postgrespro.ru/documentation/en/stable/_attachments/metro_exits_traffic_2025.xlsx,Белорусская,Замоскворецкая линия,13888742,55.77726212,37.58218133
https://tengri.postgrespro.ru/documentation/en/stable/_attachments/metro_exits_traffic_2025.xlsx,Водный стадион,Замоскворецкая линия,20049980,55.84057845,37.48629632
https://tengri.postgrespro.ru/documentation/en/stable/_attachments/metro_exits_traffic_2025.xlsx,Войковская,Замоскворецкая линия,22411361,55.81964397,37.49684637
https://tengri.postgrespro.ru/documentation/en/stable/_attachments/metro_exits_traffic_2025.xlsx,Динамо,Замоскворецкая линия,13980938,55.79052974,37.55648577
https://tengri.postgrespro.ru/documentation/en/stable/_attachments/metro_exits_traffic_2025.xlsx,Домодедовская,Замоскворецкая линия,29873340,55.61003654,37.71824508
https://tengri.postgrespro.ru/documentation/en/stable/_attachments/metro_exits_traffic_2025.xlsx,Кантемировская,Замоскворецкая линия,15525222,55.63644039,37.65551456
https://tengri.postgrespro.ru/documentation/en/stable/_attachments/metro_exits_traffic_2025.xlsx,Каширская,Замоскворецкая линия,0,55.65563863,37.6495506
https://tengri.postgrespro.ru/documentation/en/stable/_attachments/metro_exits_traffic_2025.xlsx,Коломенская,Замоскворецкая линия,19957736,55.67674543,37.66276375
https://tengri.postgrespro.ru/documentation/en/stable/_attachments/metro_exits_traffic_2025.xlsx,Красногвардейская,Замоскворецкая линия,9245536,55.61399466,37.74224379
https://tengri.postgrespro.ru/documentation/en/stable/_attachments/metro_exits_traffic_2025.xlsx,Маяковская,Замоскворецкая линия,17785880,55.77114729,37.59457077
https://tengri.postgrespro.ru/documentation/en/stable/_attachments/metro_exits_traffic_2025.xlsx,Новокузнецкая,Замоскворецкая линия,15222223,55.7422711,37.62919995
https://tengri.postgrespro.ru/documentation/en/stable/_attachments/metro_exits_traffic_2025.xlsx,Орехово,Замоскворецкая линия,8753652,55.61421356,37.69409881
https://tengri.postgrespro.ru/documentation/en/stable/_attachments/metro_exits_traffic_2025.xlsx,Павелецкая,Замоскворецкая линия,14886996,55.72994575,37.63942244
https://tengri.postgrespro.ru/documentation/en/stable/_attachments/metro_exits_traffic_2025.xlsx,Речной вокзал,Замоскворецкая линия,12740994,55.85577204,37.47572581
https://tengri.postgrespro.ru/documentation/en/stable/_attachments/metro_exits_traffic_2025.xlsx,Сокол,Замоскворецкая линия,17432660,55.80553739,37.51511112
https://tengri.postgrespro.ru/documentation/en/stable/_attachments/metro_exits_traffic_2025.xlsx,Тверская,Замоскворецкая линия,0,55.76566343,37.60405014
https://tengri.postgrespro.ru/documentation/en/stable/_attachments/metro_exits_traffic_2025.xlsx,Технопарк,Замоскворецкая линия,12113328,55.69481001,37.66401571
https://tengri.postgrespro.ru/documentation/en/stable/_attachments/metro_exits_traffic_2025.xlsx,Ховрино,Замоскворецкая линия,22171135,55.87736255,37.48235581
https://tengri.postgrespro.ru/documentation/en/stable/_attachments/metro_exits_traffic_2025.xlsx,Царицыно,Замоскворецкая линия,25433443,55.62151899,37.67068429
https://tengri.postgrespro.ru/documentation/en/stable/_attachments/metro_exits_traffic_2025.xlsx,Авиамоторная,Калининская линия,14323464,55.7523253,37.71709874
https://tengri.postgrespro.ru/documentation/en/stable/_attachments/metro_exits_traffic_2025.xlsx,Марксистская,Калининская линия,10804136,55.74108041,37.65676311
https://tengri.postgrespro.ru/documentation/en/stable/_attachments/metro_exits_traffic_2025.xlsx,Новогиреево,Калининская линия,30043616,55.75214727,37.81528665
https://tengri.postgrespro.ru/documentation/en/stable/_attachments/metro_exits_traffic_2025.xlsx,Новокосино,Калининская линия,25810500,55.74547275,37.86180038
https://tengri.postgrespro.ru/documentation/en/stable/_attachments/metro_exits_traffic_2025.xlsx,Перово,Калининская линия,17864824,55.75113144,37.78503716
https://tengri.postgrespro.ru/documentation/en/stable/_attachments/metro_exits_traffic_2025.xlsx,Площадь Ильича,Калининская линия,9331024,55.74731767,37.68084697
https://tengri.postgrespro.ru/documentation/en/stable/_attachments/metro_exits_traffic_2025.xlsx,Третьяковская,Калининская линия,15373178,55.74075073,37.6256243
https://tengri.postgrespro.ru/documentation/en/stable/_attachments/metro_exits_traffic_2025.xlsx,Шоссе Энтузиастов,Калининская линия,10146628,55.7585329,37.75167778
https://tengri.postgrespro.ru/documentation/en/stable/_attachments/metro_exits_traffic_2025.xlsx,Академическая,Калужско-Рижская линия,15897296,55.68721885,37.57239071
https://tengri.postgrespro.ru/documentation/en/stable/_attachments/metro_exits_traffic_2025.xlsx,Алексеевская,Калужско-Рижская линия,15398714,55.80794887,37.63862334
https://tengri.postgrespro.ru/documentation/en/stable/_attachments/metro_exits_traffic_2025.xlsx,Бабушкинская,Калужско-Рижская линия,23075208,55.86878392,37.6633828
https://tengri.postgrespro.ru/documentation/en/stable/_attachments/metro_exits_traffic_2025.xlsx,Беляево,Калужско-Рижская линия,16125312,55.64186175,37.52538305
https://tengri.postgrespro.ru/documentation/en/stable/_attachments/metro_exits_traffic_2025.xlsx,Ботанический сад,Калужско-Рижская линия,12141162,55.84633597,37.63881949
https://tengri.postgrespro.ru/documentation/en/stable/_attachments/metro_exits_traffic_2025.xlsx,ВДНХ,Калужско-Рижская линия,35503085,55.82028,37.63995318
https://tengri.postgrespro.ru/documentation/en/stable/_attachments/metro_exits_traffic_2025.xlsx,Калужская,Калужско-Рижская линия,12159672,55.65658806,37.53941893
https://tengri.postgrespro.ru/documentation/en/stable/_attachments/metro_exits_traffic_2025.xlsx,Китай-город,Калужско-Рижская линия,31327024,55.75699088,37.63079068
https://tengri.postgrespro.ru/documentation/en/stable/_attachments/metro_exits_traffic_2025.xlsx,Коньково,Калужско-Рижская линия,12976970,55.63182049,37.51913612
https://tengri.postgrespro.ru/documentation/en/stable/_attachments/metro_exits_traffic_2025.xlsx,Ленинский проспект,Калужско-Рижская линия,18368174,55.70691006,37.58505468
https://tengri.postgrespro.ru/documentation/en/stable/_attachments/metro_exits_traffic_2025.xlsx,Медведково,Калужско-Рижская линия,26074734,55.88600671,37.66127198
https://tengri.postgrespro.ru/documentation/en/stable/_attachments/metro_exits_traffic_2025.xlsx,Новоясеневская,Калужско-Рижская линия,3192756,55.6019926,37.5528887
https://tengri.postgrespro.ru/documentation/en/stable/_attachments/metro_exits_traffic_2025.xlsx,Новые Черёмушки,Калужско-Рижская линия,16085608,55.66967209,37.55361304
https://tengri.postgrespro.ru/documentation/en/stable/_attachments/metro_exits_traffic_2025.xlsx,Октябрьская,Калужско-Рижская линия,6315276,55.73133028,37.61260714
https://tengri.postgrespro.ru/documentation/en/stable/_attachments/metro_exits_traffic_2025.xlsx,Проспект Мира,Калужско-Рижская линия,10762919,55.78180094,37.6333264
https://tengri.postgrespro.ru/documentation/en/stable/_attachments/metro_exits_traffic_2025.xlsx,Профсоюзная,Калужско-Рижская линия,14888160,55.67727997,37.56180747
https://tengri.postgrespro.ru/documentation/en/stable/_attachments/metro_exits_traffic_2025.xlsx,Рижская,Калужско-Рижская линия,5817248,55.79238898,37.63600539
https://tengri.postgrespro.ru/documentation/en/stable/_attachments/metro_exits_traffic_2025.xlsx,Свиблово,Калужско-Рижская линия,11540440,55.85435444,37.65136751
https://tengri.postgrespro.ru/documentation/en/stable/_attachments/metro_exits_traffic_2025.xlsx,Сухаревская,Калужско-Рижская линия,10222428,55.7729659,37.63283288
https://tengri.postgrespro.ru/documentation/en/stable/_attachments/metro_exits_traffic_2025.xlsx,Тургеневская,Калужско-Рижская линия,10855746,55.76571723,37.63748615
https://tengri.postgrespro.ru/documentation/en/stable/_attachments/metro_exits_traffic_2025.xlsx,Тёплый стан,Калужско-Рижская линия,25809570,55.61757608,37.50877815
https://tengri.postgrespro.ru/documentation/en/stable/_attachments/metro_exits_traffic_2025.xlsx,Шаболовская,Калужско-Рижская линия,11998982,55.7188014,37.60815418
https://tengri.postgrespro.ru/documentation/en/stable/_attachments/metro_exits_traffic_2025.xlsx,Ясенево,Калужско-Рижская линия,14850512,55.60611329,37.53513415
https://tengri.postgrespro.ru/documentation/en/stable/_attachments/metro_exits_traffic_2025.xlsx,Белорусская,Кольцевая линия,22232400,55.77538368,37.58271687
https://tengri.postgrespro.ru/documentation/en/stable/_attachments/metro_exits_traffic_2025.xlsx,Добрынинская,Кольцевая линия,10172461,55.72899503,37.62282827
https://tengri.postgrespro.ru/documentation/en/stable/_attachments/metro_exits_traffic_2025.xlsx,Киевская,Кольцевая линия,17313800,55.74382148,37.56718836
https://tengri.postgrespro.ru/documentation/en/stable/_attachments/metro_exits_traffic_2025.xlsx,Комсомольская,Кольцевая линия,41853175,55.77624657,37.65631146
https://tengri.postgrespro.ru/documentation/en/stable/_attachments/metro_exits_traffic_2025.xlsx,Краснопресненская,Кольцевая линия,10736297,55.76041894,37.57702497
https://tengri.postgrespro.ru/documentation/en/stable/_attachments/metro_exits_traffic_2025.xlsx,Курская,Кольцевая линия,22073694,55.75788581,37.6602386
https://tengri.postgrespro.ru/documentation/en/stable/_attachments/metro_exits_traffic_2025.xlsx,Новослободская,Кольцевая линия,14873169,55.7794912,37.6011113
https://tengri.postgrespro.ru/documentation/en/stable/_attachments/metro_exits_traffic_2025.xlsx,Октябрьская,Кольцевая линия,13100154,55.72924586,37.61149707
https://tengri.postgrespro.ru/documentation/en/stable/_attachments/metro_exits_traffic_2025.xlsx,Павелецкая,Кольцевая линия,26280122,55.73143729,37.63609491
https://tengri.postgrespro.ru/documentation/en/stable/_attachments/metro_exits_traffic_2025.xlsx,Парк культуры,Кольцевая линия,17733486,55.735136,37.5933465
https://tengri.postgrespro.ru/documentation/en/stable/_attachments/metro_exits_traffic_2025.xlsx,Проспект Мира,Кольцевая линия,11361865,55.77959625,37.63352421
https://tengri.postgrespro.ru/documentation/en/stable/_attachments/metro_exits_traffic_2025.xlsx,Таганская,Кольцевая линия,12633092,55.74236743,37.65363339
https://tengri.postgrespro.ru/documentation/en/stable/_attachments/metro_exits_traffic_2025.xlsx,Борисово,Люблинско-Дмитровская линия,5330834,55.63232443,37.74346662
https://tengri.postgrespro.ru/documentation/en/stable/_attachments/metro_exits_traffic_2025.xlsx,Братиславская,Люблинско-Дмитровская линия,18110628,55.65926983,37.74974381
https://tengri.postgrespro.ru/documentation/en/stable/_attachments/metro_exits_traffic_2025.xlsx,Бутырская,Люблинско-Дмитровская линия,8192404,55.81407936,37.60188072
https://tengri.postgrespro.ru/documentation/en/stable/_attachments/metro_exits_traffic_2025.xlsx,Верхние Лихоборы,Люблинско-Дмитровская линия,6938220,55.85451688,37.56124892
https://tengri.postgrespro.ru/documentation/en/stable/_attachments/metro_exits_traffic_2025.xlsx,Волжская,Люблинско-Дмитровская линия,7371684,55.69072305,37.75529438
https://tengri.postgrespro.ru/documentation/en/stable/_attachments/metro_exits_traffic_2025.xlsx,Достоевская,Люблинско-Дмитровская линия,6549246,55.78160608,37.61392105
https://tengri.postgrespro.ru/documentation/en/stable/_attachments/metro_exits_traffic_2025.xlsx,Дубровка,Люблинско-Дмитровская линия,7823247,55.71782617,37.67616329
https://tengri.postgrespro.ru/documentation/en/stable/_attachments/metro_exits_traffic_2025.xlsx,Зябликово,Люблинско-Дмитровская линия,5220300,55.61107923,37.74486894
https://tengri.postgrespro.ru/documentation/en/stable/_attachments/metro_exits_traffic_2025.xlsx,Кожуховская,Люблинско-Дмитровская линия,10262440,55.70634018,37.6855425
https://tengri.postgrespro.ru/documentation/en/stable/_attachments/metro_exits_traffic_2025.xlsx,Крестьянская застава,Люблинско-Дмитровская линия,3941242,55.73234833,37.66548428
https://tengri.postgrespro.ru/documentation/en/stable/_attachments/metro_exits_traffic_2025.xlsx,Лианозово,Люблинско-Дмитровская линия,7841744,55.89716361,37.54393854
https://tengri.postgrespro.ru/documentation/en/stable/_attachments/metro_exits_traffic_2025.xlsx,Люблино,Люблинско-Дмитровская линия,20814774,55.67443252,37.76099733
https://tengri.postgrespro.ru/documentation/en/stable/_attachments/metro_exits_traffic_2025.xlsx,Марьина роща,Люблинско-Дмитровская линия,11686695,55.7935426,37.61586314
https://tengri.postgrespro.ru/documentation/en/stable/_attachments/metro_exits_traffic_2025.xlsx,Марьино,Люблинско-Дмитровская линия,14897528,55.64917238,37.74385755
https://tengri.postgrespro.ru/documentation/en/stable/_attachments/metro_exits_traffic_2025.xlsx,Окружная,Люблинско-Дмитровская линия,4993329,55.84714789,37.57322195
https://tengri.postgrespro.ru/documentation/en/stable/_attachments/metro_exits_traffic_2025.xlsx,Петровско-Разумовская,Люблинско-Дмитровская линия,9832190,55.83326172,37.57345276
https://tengri.postgrespro.ru/documentation/en/stable/_attachments/metro_exits_traffic_2025.xlsx,Печатники,Люблинско-Дмитровская линия,6839945,55.69285578,37.72824952
https://tengri.postgrespro.ru/documentation/en/stable/_attachments/metro_exits_traffic_2025.xlsx,Римская,Люблинско-Дмитровская линия,7842020,55.74645754,37.68153276
https://tengri.postgrespro.ru/documentation/en/stable/_attachments/metro_exits_traffic_2025.xlsx,Селигерская,Люблинско-Дмитровская линия,13733216,55.8656285,37.54815018
https://tengri.postgrespro.ru/documentation/en/stable/_attachments/metro_exits_traffic_2025.xlsx,Сретенский бульвар,Люблинско-Дмитровская линия,4268856,55.76630331,37.63631469
https://tengri.postgrespro.ru/documentation/en/stable/_attachments/metro_exits_traffic_2025.xlsx,Трубная,Люблинско-Дмитровская линия,9269753,55.76775558,37.62194484
https://tengri.postgrespro.ru/documentation/en/stable/_attachments/metro_exits_traffic_2025.xlsx,Физтех,Люблинско-Дмитровская линия,6444438,55.92288035,37.54697502
https://tengri.postgrespro.ru/documentation/en/stable/_attachments/metro_exits_traffic_2025.xlsx,Фонвизинская,Люблинско-Дмитровская линия,6501836,55.82231977,37.58913069
https://tengri.postgrespro.ru/documentation/en/stable/_attachments/metro_exits_traffic_2025.xlsx,Чкаловская,Люблинско-Дмитровская линия,9738816,55.75623239,37.6603805
https://tengri.postgrespro.ru/documentation/en/stable/_attachments/metro_exits_traffic_2025.xlsx,Шипиловская,Люблинско-Дмитровская линия,6740800,55.62037424,37.74417794
https://tengri.postgrespro.ru/documentation/en/stable/_attachments/metro_exits_traffic_2025.xlsx,Яхромская,Люблинско-Дмитровская линия,9774948,55.88102013,37.54520584
https://tengri.postgrespro.ru/documentation/en/stable/_attachments/metro_exits_traffic_2025.xlsx,Автозаводская,Московское центральное кольцо,2800654,55.70538176,37.66291432
https://tengri.postgrespro.ru/documentation/en/stable/_attachments/metro_exits_traffic_2025.xlsx,Андроновка,Московское центральное кольцо,3133414,55.74642226,37.73662069
https://tengri.postgrespro.ru/documentation/en/stable/_attachments/metro_exits_traffic_2025.xlsx,Балтийская,Московское центральное кольцо,5576504,55.8245471,37.49520488
https://tengri.postgrespro.ru/documentation/en/stable/_attachments/metro_exits_traffic_2025.xlsx,Белокаменная,Московское центральное кольцо,1551184,55.82912562,37.70183285
https://tengri.postgrespro.ru/documentation/en/stable/_attachments/metro_exits_traffic_2025.xlsx,Ботанический сад,Московское центральное кольцо,6187840,55.84585761,37.63968853
https://tengri.postgrespro.ru/documentation/en/stable/_attachments/metro_exits_traffic_2025.xlsx,Бульвар Рокоссовского,Московское центральное кольцо,4803981,55.8158136,37.73755972
https://tengri.postgrespro.ru/documentation/en/stable/_attachments/metro_exits_traffic_2025.xlsx,Верхние Котлы,Московское центральное кольцо,7650416,55.68985871,37.61824029
https://tengri.postgrespro.ru/documentation/en/stable/_attachments/metro_exits_traffic_2025.xlsx,Владыкино,Московское центральное кольцо,4126446,55.84831118,37.59090349
https://tengri.postgrespro.ru/documentation/en/stable/_attachments/metro_exits_traffic_2025.xlsx,Дубровка,Московское центральное кольцо,3940890,55.71306246,37.6759048
https://tengri.postgrespro.ru/documentation/en/stable/_attachments/metro_exits_traffic_2025.xlsx,ЗИЛ,Московское центральное кольцо,5705638,55.6995223,37.64854431
https://tengri.postgrespro.ru/documentation/en/stable/_attachments/metro_exits_traffic_2025.xlsx,Зорге,Московское центральное кольцо,2686748,55.78900852,37.50255536
https://tengri.postgrespro.ru/documentation/en/stable/_attachments/metro_exits_traffic_2025.xlsx,Измайлово,Московское центральное кольцо,5281473,55.78846055,37.74617867
https://tengri.postgrespro.ru/documentation/en/stable/_attachments/metro_exits_traffic_2025.xlsx,Коптево,Московское центральное кольцо,8088258,55.84096633,37.5208251
https://tengri.postgrespro.ru/documentation/en/stable/_attachments/metro_exits_traffic_2025.xlsx,Крымская,Московское центральное кольцо,5323257,55.68993545,37.60651572
https://tengri.postgrespro.ru/documentation/en/stable/_attachments/metro_exits_traffic_2025.xlsx,Кутузовская,Московское центральное кольцо,9937400,55.74022774,37.53351976
https://tengri.postgrespro.ru/documentation/en/stable/_attachments/metro_exits_traffic_2025.xlsx,Лихоборы,Московское центральное кольцо,6547376,55.84706581,37.55337432
https://tengri.postgrespro.ru/documentation/en/stable/_attachments/metro_exits_traffic_2025.xlsx,Локомотив,Московское центральное кольцо,5760150,55.80301406,37.7474719
https://tengri.postgrespro.ru/documentation/en/stable/_attachments/metro_exits_traffic_2025.xlsx,Лужники,Московское центральное кольцо,6239543,55.72092478,37.560938
https://tengri.postgrespro.ru/documentation/en/stable/_attachments/metro_exits_traffic_2025.xlsx,Москва-Сити,Московское центральное кольцо,10896134,55.74788746,37.53298398
https://tengri.postgrespro.ru/documentation/en/stable/_attachments/metro_exits_traffic_2025.xlsx,Нижегородская,Московское центральное кольцо,7663920,55.73199052,37.72929852
https://tengri.postgrespro.ru/documentation/en/stable/_attachments/metro_exits_traffic_2025.xlsx,Новохохловская,Московское центральное кольцо,2633386,55.72455793,37.71777488
https://tengri.postgrespro.ru/documentation/en/stable/_attachments/metro_exits_traffic_2025.xlsx,Окружная,Московское центральное кольцо,6082317,55.84850349,37.5728966
https://tengri.postgrespro.ru/documentation/en/stable/_attachments/metro_exits_traffic_2025.xlsx,Панфиловская,Московское центральное кольцо,3392628,55.79725283,37.4984466
https://tengri.postgrespro.ru/documentation/en/stable/_attachments/metro_exits_traffic_2025.xlsx,Площадь Гагарина,Московское центральное кольцо,7193124,55.70724986,37.5856555
https://tengri.postgrespro.ru/documentation/en/stable/_attachments/metro_exits_traffic_2025.xlsx,Ростокино,Московское центральное кольцо,16101716,55.83934892,37.66900508
https://tengri.postgrespro.ru/documentation/en/stable/_attachments/metro_exits_traffic_2025.xlsx,Соколиная Гора,Московское центральное кольцо,3402492,55.76992414,37.74506779
https://tengri.postgrespro.ru/documentation/en/stable/_attachments/metro_exits_traffic_2025.xlsx,Стрешнево,Московское центральное кольцо,7839648,55.81268672,37.48807978
https://tengri.postgrespro.ru/documentation/en/stable/_attachments/metro_exits_traffic_2025.xlsx,Угрешская,Московское центральное кольцо,2683170,55.7175109,37.69589103
https://tengri.postgrespro.ru/documentation/en/stable/_attachments/metro_exits_traffic_2025.xlsx,Хорошёво,Московское центральное кольцо,3972546,55.77682768,37.50723713
https://tengri.postgrespro.ru/documentation/en/stable/_attachments/metro_exits_traffic_2025.xlsx,Шелепиха,Московское центральное кольцо,7192578,55.75615589,37.52508563
https://tengri.postgrespro.ru/documentation/en/stable/_attachments/metro_exits_traffic_2025.xlsx,Шоссе Энтузиастов,Московское центральное кольцо,3684124,55.75865093,37.7485767
https://tengri.postgrespro.ru/documentation/en/stable/_attachments/metro_exits_traffic_2025.xlsx,Косино,Некрасовская линия,2405458,55.70177453,37.85058927
https://tengri.postgrespro.ru/documentation/en/stable/_attachments/metro_exits_traffic_2025.xlsx,Лухмановская,Некрасовская линия,9280436,55.70943239,37.89616637
https://tengri.postgrespro.ru/documentation/en/stable/_attachments/metro_exits_traffic_2025.xlsx,Некрасовка,Некрасовская линия,28272684,55.70268563,37.92909816
https://tengri.postgrespro.ru/documentation/en/stable/_attachments/metro_exits_traffic_2025.xlsx,Нижегородская,Некрасовская линия,24141446,55.73089923,37.73089647
https://tengri.postgrespro.ru/documentation/en/stable/_attachments/metro_exits_traffic_2025.xlsx,Окская,Некрасовская линия,5347804,55.7187253,37.78048645
https://tengri.postgrespro.ru/documentation/en/stable/_attachments/metro_exits_traffic_2025.xlsx,Стахановская,Некрасовская линия,4391972,55.727168,37.75143049
https://tengri.postgrespro.ru/documentation/en/stable/_attachments/metro_exits_traffic_2025.xlsx,Юго-Восточная,Некрасовская линия,7187592,55.70510787,37.81795606
https://tengri.postgrespro.ru/documentation/en/stable/_attachments/metro_exits_traffic_2025.xlsx,улица Дмитриевского,Некрасовская линия,4888431,55.7108516,37.87752445
https://tengri.postgrespro.ru/documentation/en/stable/_attachments/metro_exits_traffic_2025.xlsx,Алтуфьево,Серпуховско-Тимирязевская линия,17436128,55.89666487,37.58657382
https://tengri.postgrespro.ru/documentation/en/stable/_attachments/metro_exits_traffic_2025.xlsx,Аннино,Серпуховско-Тимирязевская линия,11498804,55.58147989,37.59612016
https://tengri.postgrespro.ru/documentation/en/stable/_attachments/metro_exits_traffic_2025.xlsx,Бибирево,Серпуховско-Тимирязевская линия,15276096,55.88388792,37.60418044
https://tengri.postgrespro.ru/documentation/en/stable/_attachments/metro_exits_traffic_2025.xlsx,Боровицкая,Серпуховско-Тимирязевская линия,4780242,55.75048824,37.60931366
https://tengri.postgrespro.ru/documentation/en/stable/_attachments/metro_exits_traffic_2025.xlsx,Бульвар Дмитрия Донского,Серпуховско-Тимирязевская линия,24079326,55.56798315,37.57654585
https://tengri.postgrespro.ru/documentation/en/stable/_attachments/metro_exits_traffic_2025.xlsx,Владыкино,Серпуховско-Тимирязевская линия,8677146,55.8460313,37.58956016
https://tengri.postgrespro.ru/documentation/en/stable/_attachments/metro_exits_traffic_2025.xlsx,Дмитровская,Серпуховско-Тимирязевская линия,15800564,55.80788557,37.58023414
https://tengri.postgrespro.ru/documentation/en/stable/_attachments/metro_exits_traffic_2025.xlsx,Менделеевская,Серпуховско-Тимирязевская линия,11743605,55.78142827,37.5987444
https://tengri.postgrespro.ru/documentation/en/stable/_attachments/metro_exits_traffic_2025.xlsx,Нагатинская,Серпуховско-Тимирязевская линия,17898588,55.68169613,37.62103502
https://tengri.postgrespro.ru/documentation/en/stable/_attachments/metro_exits_traffic_2025.xlsx,Нагорная,Серпуховско-Тимирязевская линия,8794458,55.67291296,37.61036192
https://tengri.postgrespro.ru/documentation/en/stable/_attachments/metro_exits_traffic_2025.xlsx,Нахимовский проспект,Серпуховско-Тимирязевская линия,9296820,55.66161695,37.60400745
https://tengri.postgrespro.ru/documentation/en/stable/_attachments/metro_exits_traffic_2025.xlsx,Отрадное,Серпуховско-Тимирязевская линия,23315864,55.86286662,37.60373786
https://tengri.postgrespro.ru/documentation/en/stable/_attachments/metro_exits_traffic_2025.xlsx,Петровско-Разумовская,Серпуховско-Тимирязевская линия,0,55.83327753,37.57252517
https://tengri.postgrespro.ru/documentation/en/stable/_attachments/metro_exits_traffic_2025.xlsx,Полянка,Серпуховско-Тимирязевская линия,8664964,55.73684992,37.6187172
https://tengri.postgrespro.ru/documentation/en/stable/_attachments/metro_exits_traffic_2025.xlsx,Пражская,Серпуховско-Тимирязевская линия,22777476,55.61171176,37.60318396
https://tengri.postgrespro.ru/documentation/en/stable/_attachments/metro_exits_traffic_2025.xlsx,Савёловская,Серпуховско-Тимирязевская линия,14208600,55.7940549,37.58711093
https://tengri.postgrespro.ru/documentation/en/stable/_attachments/metro_exits_traffic_2025.xlsx,Севастопольская,Серпуховско-Тимирязевская линия,4001590,55.65128689,37.59865653
https://tengri.postgrespro.ru/documentation/en/stable/_attachments/metro_exits_traffic_2025.xlsx,Серпуховская,Серпуховско-Тимирязевская линия,10872324,55.72687142,37.6248393
https://tengri.postgrespro.ru/documentation/en/stable/_attachments/metro_exits_traffic_2025.xlsx,Тимирязевская,Серпуховско-Тимирязевская линия,11246888,55.81873492,37.57516069
https://tengri.postgrespro.ru/documentation/en/stable/_attachments/metro_exits_traffic_2025.xlsx,Тульская,Серпуховско-Тимирязевская линия,16635486,55.7078627,37.62246985
https://tengri.postgrespro.ru/documentation/en/stable/_attachments/metro_exits_traffic_2025.xlsx,Улица академика Янгеля,Серпуховско-Тимирязевская линия,13301995,55.59453479,37.60043336
https://tengri.postgrespro.ru/documentation/en/stable/_attachments/metro_exits_traffic_2025.xlsx,Цветной бульвар,Серпуховско-Тимирязевская линия,11481480,55.77165653,37.62070698
https://tengri.postgrespro.ru/documentation/en/stable/_attachments/metro_exits_traffic_2025.xlsx,Чертановская,Серпуховско-Тимирязевская линия,15605616,55.63993504,37.60788255
https://tengri.postgrespro.ru/documentation/en/stable/_attachments/metro_exits_traffic_2025.xlsx,Чеховская,Серпуховско-Тимирязевская линия,10917428,55.76604793,37.60817054
https://tengri.postgrespro.ru/documentation/en/stable/_attachments/metro_exits_traffic_2025.xlsx,Южная,Серпуховско-Тимирязевская линия,11035536,55.62145472,37.60763935
https://tengri.postgrespro.ru/documentation/en/stable/_attachments/metro_exits_traffic_2025.xlsx,Библиотека имени Ленина,Сокольническая линия,0,55.75196259,37.61024637
https://tengri.postgrespro.ru/documentation/en/stable/_attachments/metro_exits_traffic_2025.xlsx,Бульвар Рокоссовского,Сокольническая линия,13312685,55.8132615,37.73515608
https://tengri.postgrespro.ru/documentation/en/stable/_attachments/metro_exits_traffic_2025.xlsx,Воробьёвы горы,Сокольническая линия,8123140,55.70932337,37.55763566
https://tengri.postgrespro.ru/documentation/en/stable/_attachments/metro_exits_traffic_2025.xlsx,Комсомольская,Сокольническая линия,11639369,55.77447863,37.65570334
https://tengri.postgrespro.ru/documentation/en/stable/_attachments/metro_exits_traffic_2025.xlsx,Красносельская,Сокольническая линия,8901298,55.77995778,37.66608306
https://tengri.postgrespro.ru/documentation/en/stable/_attachments/metro_exits_traffic_2025.xlsx,Красные ворота,Сокольническая линия,11659696,55.76831943,37.64804177
https://tengri.postgrespro.ru/documentation/en/stable/_attachments/metro_exits_traffic_2025.xlsx,Кропоткинская,Сокольническая линия,12662349,55.74497102,37.60153417
https://tengri.postgrespro.ru/documentation/en/stable/_attachments/metro_exits_traffic_2025.xlsx,Лубянка,Сокольническая линия,13583600,55.7590105,37.62588788
https://tengri.postgrespro.ru/documentation/en/stable/_attachments/metro_exits_traffic_2025.xlsx,Новомосковская,Сокольническая линия,5852364,55.55981196,37.47041233
https://tengri.postgrespro.ru/documentation/en/stable/_attachments/metro_exits_traffic_2025.xlsx,Ольховая,Сокольническая линия,4513747,55.56927661,37.45878394
https://tengri.postgrespro.ru/documentation/en/stable/_attachments/metro_exits_traffic_2025.xlsx,Охотный ряд,Сокольническая линия,26278902,55.75611381,37.61773802
https://tengri.postgrespro.ru/documentation/en/stable/_attachments/metro_exits_traffic_2025.xlsx,Парк культуры,Сокольническая линия,4254352,55.73534749,37.59331888
https://tengri.postgrespro.ru/documentation/en/stable/_attachments/metro_exits_traffic_2025.xlsx,Потапово,Сокольническая линия,8672790,55.55357647,37.49536615
https://tengri.postgrespro.ru/documentation/en/stable/_attachments/metro_exits_traffic_2025.xlsx,Преображенская площадь,Сокольническая линия,19514573,55.7963426,37.713892
https://tengri.postgrespro.ru/documentation/en/stable/_attachments/metro_exits_traffic_2025.xlsx,Прокшино,Сокольническая линия,6420802,55.5868967,37.43387932
https://tengri.postgrespro.ru/documentation/en/stable/_attachments/metro_exits_traffic_2025.xlsx,Проспект Вернадского,Сокольническая линия,10440689,55.67600467,37.50532728
https://tengri.postgrespro.ru/documentation/en/stable/_attachments/metro_exits_traffic_2025.xlsx,Румянцево,Сокольническая линия,6052418,55.63293499,37.43960041
https://tengri.postgrespro.ru/documentation/en/stable/_attachments/metro_exits_traffic_2025.xlsx,Саларьево,Сокольническая линия,18931480,55.62170737,37.42425039
https://tengri.postgrespro.ru/documentation/en/stable/_attachments/metro_exits_traffic_2025.xlsx,Сокольники,Сокольническая линия,7276856,55.78931576,37.67993354
https://tengri.postgrespro.ru/documentation/en/stable/_attachments/metro_exits_traffic_2025.xlsx,Спортивная,Сокольническая линия,12475704,55.72385915,37.56589587
https://tengri.postgrespro.ru/documentation/en/stable/_attachments/metro_exits_traffic_2025.xlsx,Тропарёво,Сокольническая линия,8360488,55.64615923,37.47349294
https://tengri.postgrespro.ru/documentation/en/stable/_attachments/metro_exits_traffic_2025.xlsx,Университет,Сокольническая линия,16117718,55.69196732,37.5345265
https://tengri.postgrespro.ru/documentation/en/stable/_attachments/metro_exits_traffic_2025.xlsx,Филатов луг,Сокольническая линия,11566100,55.60139489,37.40920926
https://tengri.postgrespro.ru/documentation/en/stable/_attachments/metro_exits_traffic_2025.xlsx,Фрунзенская,Сокольническая линия,15056953,55.72741432,37.5805915
https://tengri.postgrespro.ru/documentation/en/stable/_attachments/metro_exits_traffic_2025.xlsx,Черкизовская,Сокольническая линия,9619880,55.80280904,37.74447723
https://tengri.postgrespro.ru/documentation/en/stable/_attachments/metro_exits_traffic_2025.xlsx,Чистые пруды,Сокольническая линия,9759340,55.76501439,37.63825287
https://tengri.postgrespro.ru/documentation/en/stable/_attachments/metro_exits_traffic_2025.xlsx,Юго-Западная,Сокольническая линия,24713104,55.66254407,37.48313859
https://tengri.postgrespro.ru/documentation/en/stable/_attachments/metro_exits_traffic_2025.xlsx,Аэропорт Внуково,Солнцевская линия,4434450,55.60683311,37.2902122
https://tengri.postgrespro.ru/documentation/en/stable/_attachments/metro_exits_traffic_2025.xlsx,Боровское шоссе,Солнцевская линия,2665485,55.64841095,37.37181963
https://tengri.postgrespro.ru/documentation/en/stable/_attachments/metro_exits_traffic_2025.xlsx,Говорово,Солнцевская линия,6429524,55.65933933,37.41879596
https://tengri.postgrespro.ru/documentation/en/stable/_attachments/metro_exits_traffic_2025.xlsx,Деловой центр,Солнцевская линия,10304660,55.74915269,37.53770823
https://tengri.postgrespro.ru/documentation/en/stable/_attachments/metro_exits_traffic_2025.xlsx,Ломоносовский проспект,Солнцевская линия,7124418,55.70538672,37.51331198
https://tengri.postgrespro.ru/documentation/en/stable/_attachments/metro_exits_traffic_2025.xlsx,Минская,Солнцевская линия,3686684,55.72362888,37.49817975
https://tengri.postgrespro.ru/documentation/en/stable/_attachments/metro_exits_traffic_2025.xlsx,Мичуринский проспект,Солнцевская линия,1183694,55.68965792,37.48349007
https://tengri.postgrespro.ru/documentation/en/stable/_attachments/metro_exits_traffic_2025.xlsx,Новопеределкино,Солнцевская линия,8009368,55.64068791,37.35648789
https://tengri.postgrespro.ru/documentation/en/stable/_attachments/metro_exits_traffic_2025.xlsx,Озёрная,Солнцевская линия,8704132,55.67138372,37.45015694
https://tengri.postgrespro.ru/documentation/en/stable/_attachments/metro_exits_traffic_2025.xlsx,Парк Победы,Солнцевская линия,2148836,55.73712999,37.51543517
https://tengri.postgrespro.ru/documentation/en/stable/_attachments/metro_exits_traffic_2025.xlsx,Пыхтино,Солнцевская линия,4874210,55.62503555,37.29779906
https://tengri.postgrespro.ru/documentation/en/stable/_attachments/metro_exits_traffic_2025.xlsx,Раменки,Солнцевская линия,9607941,55.69685525,37.49792324
https://tengri.postgrespro.ru/documentation/en/stable/_attachments/metro_exits_traffic_2025.xlsx,Рассказовка,Солнцевская линия,9145745,55.63422396,37.33470057
https://tengri.postgrespro.ru/documentation/en/stable/_attachments/metro_exits_traffic_2025.xlsx,Солнцево,Солнцевская линия,10140668,55.65021011,37.39204021
https://tengri.postgrespro.ru/documentation/en/stable/_attachments/metro_exits_traffic_2025.xlsx,Баррикадная,Таганско-Краснопресненская линия,11979753,55.760671,37.581254
https://tengri.postgrespro.ru/documentation/en/stable/_attachments/metro_exits_traffic_2025.xlsx,Беговая,Таганско-Краснопресненская линия,15296442,55.77403397,37.54453757
https://tengri.postgrespro.ru/documentation/en/stable/_attachments/metro_exits_traffic_2025.xlsx,Волгоградский проспект,Таганско-Краснопресненская линия,10246580,55.72567202,37.68499577
https://tengri.postgrespro.ru/documentation/en/stable/_attachments/metro_exits_traffic_2025.xlsx,Выхино,Таганско-Краснопресненская линия,28339775,55.71574531,37.81902166
https://tengri.postgrespro.ru/documentation/en/stable/_attachments/metro_exits_traffic_2025.xlsx,Жулебино,Таганско-Краснопресненская линия,12237302,55.68652378,37.85688019
https://tengri.postgrespro.ru/documentation/en/stable/_attachments/metro_exits_traffic_2025.xlsx,Китай-город,Таганско-Краснопресненская линия,0,55.75371212,37.63541862
https://tengri.postgrespro.ru/documentation/en/stable/_attachments/metro_exits_traffic_2025.xlsx,Котельники,Таганско-Краснопресненская линия,28396613,55.67527909,37.85631134
https://tengri.postgrespro.ru/documentation/en/stable/_attachments/metro_exits_traffic_2025.xlsx,Кузнецкий мост,Таганско-Краснопресненская линия,11488826,55.76154829,37.62421828
https://tengri.postgrespro.ru/documentation/en/stable/_attachments/metro_exits_traffic_2025.xlsx,Кузьминки,Таганско-Краснопресненская линия,26526312,55.70559151,37.76727466
https://tengri.postgrespro.ru/documentation/en/stable/_attachments/metro_exits_traffic_2025.xlsx,Лермонтовский проспект,Таганско-Краснопресненская линия,8034714,55.70207707,37.84992497
https://tengri.postgrespro.ru/documentation/en/stable/_attachments/metro_exits_traffic_2025.xlsx,Октябрьское поле,Таганско-Краснопресненская линия,19047520,55.793936,37.49232145
https://tengri.postgrespro.ru/documentation/en/stable/_attachments/metro_exits_traffic_2025.xlsx,Планерная,Таганско-Краснопресненская линия,19907040,55.85959134,37.43689833
https://tengri.postgrespro.ru/documentation/en/stable/_attachments/metro_exits_traffic_2025.xlsx,Полежаевская,Таганско-Краснопресненская линия,14102125,55.77806977,37.5214206
https://tengri.postgrespro.ru/documentation/en/stable/_attachments/metro_exits_traffic_2025.xlsx,Пролетарская,Таганско-Краснопресненская линия,15655923,55.73179765,37.66441214
https://tengri.postgrespro.ru/documentation/en/stable/_attachments/metro_exits_traffic_2025.xlsx,Пушкинская,Таганско-Краснопресненская линия,21714525,55.76544214,37.60375243
https://tengri.postgrespro.ru/documentation/en/stable/_attachments/metro_exits_traffic_2025.xlsx,Рязанский проспект,Таганско-Краснопресненская линия,12935276,55.7162325,37.79278111
https://tengri.postgrespro.ru/documentation/en/stable/_attachments/metro_exits_traffic_2025.xlsx,Спартак,Таганско-Краснопресненская линия,5222960,55.81750787,37.43464984
https://tengri.postgrespro.ru/documentation/en/stable/_attachments/metro_exits_traffic_2025.xlsx,Сходненская,Таганско-Краснопресненская линия,22787775,55.8495797,37.43923972
https://tengri.postgrespro.ru/documentation/en/stable/_attachments/metro_exits_traffic_2025.xlsx,Таганская,Таганско-Краснопресненская линия,6807150,55.73927912,37.65298152
https://tengri.postgrespro.ru/documentation/en/stable/_attachments/metro_exits_traffic_2025.xlsx,Текстильщики,Таганско-Краснопресненская линия,25985568,55.70953927,37.73315399
https://tengri.postgrespro.ru/documentation/en/stable/_attachments/metro_exits_traffic_2025.xlsx,Тушинская,Таганско-Краснопресненская линия,20260855,55.8256006,37.43599585
https://tengri.postgrespro.ru/documentation/en/stable/_attachments/metro_exits_traffic_2025.xlsx,Улица 1905 года,Таганско-Краснопресненская линия,22003413,55.76389023,37.56242376
https://tengri.postgrespro.ru/documentation/en/stable/_attachments/metro_exits_traffic_2025.xlsx,Щукинская,Таганско-Краснопресненская линия,20286036,55.80913462,37.46270769
https://tengri.postgrespro.ru/documentation/en/stable/_attachments/metro_exits_traffic_2025.xlsx,Академическая,Троицкая линия,149568,55.68759731,37.57531386
https://tengri.postgrespro.ru/documentation/en/stable/_attachments/metro_exits_traffic_2025.xlsx,Вавиловская,Троицкая линия,200625,55.68409645,37.54019383
https://tengri.postgrespro.ru/documentation/en/stable/_attachments/metro_exits_traffic_2025.xlsx,Генерала Тюленева,Троицкая линия,2762552,55.62648499,37.4860353
https://tengri.postgrespro.ru/documentation/en/stable/_attachments/metro_exits_traffic_2025.xlsx,ЗИЛ,Троицкая линия,101980,55.69615141,37.64331963
https://tengri.postgrespro.ru/documentation/en/stable/_attachments/metro_exits_traffic_2025.xlsx,Коммунарка,Троицкая линия,2532078,55.57376994,37.4681593
https://tengri.postgrespro.ru/documentation/en/stable/_attachments/metro_exits_traffic_2025.xlsx,Корниловская,Троицкая линия,3223180,55.59797314,37.47937796
https://tengri.postgrespro.ru/documentation/en/stable/_attachments/metro_exits_traffic_2025.xlsx,Крымская,Троицкая линия,74906,55.68977709,37.61068389
https://tengri.postgrespro.ru/documentation/en/stable/_attachments/metro_exits_traffic_2025.xlsx,Новаторская,Троицкая линия,6341442,55.67061132,37.52022883
https://tengri.postgrespro.ru/documentation/en/stable/_attachments/metro_exits_traffic_2025.xlsx,Новомосковская,Троицкая линия,727270,55.55992573,37.46490422
https://tengri.postgrespro.ru/documentation/en/stable/_attachments/metro_exits_traffic_2025.xlsx,Тютчевская,Троицкая линия,1700941,55.61847815,37.4819711
https://tengri.postgrespro.ru/documentation/en/stable/_attachments/metro_exits_traffic_2025.xlsx,Университет Дружбы Народов,Троицкая линия,5130444,55.64916429,37.50747371
https://tengri.postgrespro.ru/documentation/en/stable/_attachments/metro_exits_traffic_2025.xlsx,Александровский сад,Филёвская линия,9974052,55.75226513,37.60905279
https://tengri.postgrespro.ru/documentation/en/stable/_attachments/metro_exits_traffic_2025.xlsx,Арбатская,Филёвская линия,3034188,55.75213694,37.60164326
https://tengri.postgrespro.ru/documentation/en/stable/_attachments/metro_exits_traffic_2025.xlsx,Багратионовская,Филёвская линия,7924594,55.74365424,37.49739367
https://tengri.postgrespro.ru/documentation/en/stable/_attachments/metro_exits_traffic_2025.xlsx,Деловой центр,Филёвская линия,7894378,55.74842395,37.54375468
https://tengri.postgrespro.ru/documentation/en/stable/_attachments/metro_exits_traffic_2025.xlsx,Кунцевская,Филёвская линия,3093078,55.73068215,37.44547089
https://tengri.postgrespro.ru/documentation/en/stable/_attachments/metro_exits_traffic_2025.xlsx,Кутузовская,Филёвская линия,4569814,55.74062975,37.53430245
https://tengri.postgrespro.ru/documentation/en/stable/_attachments/metro_exits_traffic_2025.xlsx,Москва-Сити,Филёвская линия,4190705,55.74789091,37.53356887
https://tengri.postgrespro.ru/documentation/en/stable/_attachments/metro_exits_traffic_2025.xlsx,Пионерская,Филёвская линия,2794252,55.73596693,37.4667754
https://tengri.postgrespro.ru/documentation/en/stable/_attachments/metro_exits_traffic_2025.xlsx,Смоленская,Филёвская линия,4309125,55.74895548,37.58216753
https://tengri.postgrespro.ru/documentation/en/stable/_attachments/metro_exits_traffic_2025.xlsx,Студенческая,Филёвская линия,3002401,55.7389083,37.54833357
https://tengri.postgrespro.ru/documentation/en/stable/_attachments/metro_exits_traffic_2025.xlsx,Фили,Филёвская линия,8662512,55.74541547,37.51581779
https://tengri.postgrespro.ru/documentation/en/stable/_attachments/metro_exits_traffic_2025.xlsx,Филёвский парк,Филёвская линия,4587632,55.73943413,37.48289946
